[
  {
    "home": "Liverpool",
    "homeflag": "flags/liv.jpg",
    "guest": "Manchester City",
    "guestflag": "flags/MCI.png",
    "date": "Saturday 22 June 2024",
    "time": "17:00"
  },
  {
    "home": "Liverpool",
    "homeflag": "flags/liv.jpg",
    "guest": "Chelsea",
    "guestflag": "flags/ARS.png",
    "date": "Wednesday 26 June 2024",
    "time": "20:00"
  },
  {
    "home": "Liverpool",
    "homeflag": "flags/liv.jpg",
    "guest": "Arsenal",
    "guestflag": "flags/ARS.png",
    "date": "Saturday 29 June 2024",
    "time": "15:00"
  },
  {
    "home": "Everton",
    "homeflag": "flags/EVE.png",
    "guest": "Liverpool",
    "guestflag": "flags/liv.jpg",
    "date": "Tuesday 2 July 2024",
    "time": "19:00"
  },
  {
    "home": "Liverpool",
    "homeflag": "flags/liv.jpg",
    "guest": "Manchester United",
    "guestflag": "flags/MCI.png",
    "date": "Saturday 6 July 2024",
    "time": "17:00"
  },
  {
    "home": "Liverpool",
    "homeflag": "flags/liv.jpg",
    "guest": "Tottenham Hotspur",
    "guestflag": "flags/ARS.png",
    "date": "Wednesday 10 July 2024",
    "time": "20:00"
  }
]
